<?xml version="1.0" encoding="UTF-8"?>
<!DOCTYPE QtCreatorCodeStyle>
<!-- Written by QtCreator 4.5.1, 2018-02-15T23:00:02. -->
<qtcreator>
 <data>
  <variable>CodeStyleData</variable>
  <valuemap type="QVariantMap">
   <value type="bool" key="AutoSpacesForTabs">false</value>
   <value type="int" key="IndentSize">4</value>
   <value type="int" key="PaddingMode">1</value>
   <value type="bool" key="SpacesForTabs">true</value>
   <value type="int" key="TabSize">4</value>
  </valuemap>
 </data>
 <data>
  <variable>DisplayName</variable>
  <value type="QString">Global</value>
 </data>
</qtcreator>
