<?xml version="1.0" encoding="UTF-8"?>
<!DOCTYPE QtCreatorCMakeTools>
<!-- Written by QtCreator 4.10.2, 2019-11-21T22:54:32. -->
<qtcreator>
 <data>
  <variable>CMakeTools.0</variable>
  <valuemap type="QVariantMap">
   <value type="bool" key="AutoCreateBuildDirectory">false</value>
   <value type="bool" key="AutoDetected">true</value>
   <value type="bool" key="AutoRun">true</value>
   <value type="QString" key="Binary">/usr/local/bin/cmake</value>
   <value type="QString" key="DisplayName">System CMake at /usr/local/bin/cmake</value>
   <value type="QString" key="Id">{75962a35-4bfb-49d3-bd14-9825d9d2f397}</value>
  </valuemap>
 </data>
 <data>
  <variable>CMakeTools.Count</variable>
  <value type="int">1</value>
 </data>
 <data>
  <variable>CMakeTools.Default</variable>
  <value type="QString">{75962a35-4bfb-49d3-bd14-9825d9d2f397}</value>
 </data>
 <data>
  <variable>Version</variable>
  <value type="int">1</value>
 </data>
</qtcreator>
