<?xml version="1.0" encoding="UTF-8"?>
<!DOCTYPE QtCreatorDebuggers>
<!-- Written by QtCreator 4.10.2, 2019-11-21T22:57:05. -->
<qtcreator>
 <data>
  <variable>DebuggerItem.0</variable>
  <valuemap type="QVariantMap">
   <valuelist type="QVariantList" key="Abis">
    <value type="QString">x86-linux-generic-elf-64bit</value>
   </valuelist>
   <value type="bool" key="AutoDetected">true</value>
   <value type="QString" key="Binary">/usr/bin/gdb</value>
   <value type="QString" key="DisplayName">System GDB at /usr/bin/gdb</value>
   <value type="int" key="EngineType">1</value>
   <value type="QString" key="Id">{9fe8dc3c-3534-4bc3-8299-b257b5cd9998}</value>
   <value type="QDateTime" key="LastModified">2019-10-30T17:20:07.000</value>
   <value type="QString" key="Version">8.1.0</value>
   <value type="QString" key="WorkingDirectory"></value>
  </valuemap>
 </data>
 <data>
  <variable>DebuggerItem.1</variable>
  <valuemap type="QVariantMap">
   <valuelist type="QVariantList" key="Abis">
    <value type="QString">x86-linux-generic-elf-64bit</value>
   </valuelist>
   <value type="bool" key="AutoDetected">false</value>
   <value type="QString" key="Binary">/usr/bin/gdb-multiarch</value>
   <value type="QString" key="DisplayName">gdb-multiarch</value>
   <value type="int" key="EngineType">1</value>
   <value type="QString" key="Id">{0f55c2d3-4e8e-4663-8593-888e848dc640}</value>
   <value type="QDateTime" key="LastModified"></value>
   <value type="QString" key="Version">8.1.0</value>
   <value type="QString" key="WorkingDirectory"></value>
  </valuemap>
 </data>
 <data>
  <variable>DebuggerItem.2</variable>
  <valuemap type="QVariantMap">
   <valuelist type="QVariantList" key="Abis">
    <value type="QString">xtensa-baremetal-generic-elf-32bit</value>
   </valuelist>
   <value type="bool" key="AutoDetected">false</value>
   <value type="QString" key="Binary">/home/laci/Programs/gcc/esp/xtensa-esp32-elf-gcc8.2.0/bin/xtensa-esp32-elf-gdb</value>
   <value type="QString" key="DisplayName">ESP</value>
   <value type="int" key="EngineType">1</value>
   <value type="QString" key="Id">{d19ddf42-0b59-4cb1-912a-e506b4cdf367}</value>
   <value type="QDateTime" key="LastModified"></value>
   <value type="QString" key="Version">32.0.0</value>
   <value type="QString" key="WorkingDirectory"></value>
  </valuemap>
 </data>
 <data>
  <variable>DebuggerItem.Count</variable>
  <value type="int">3</value>
 </data>
 <data>
  <variable>Version</variable>
  <value type="int">1</value>
 </data>
</qtcreator>
