<?xml version="1.0" encoding="UTF-8"?>
<!DOCTYPE QtCreatorDevices>
<!-- Written by QtCreator 4.10.2, 2019-11-21T22:57:05. -->
<qtcreator>
 <data>
  <variable>DeviceManager</variable>
  <valuemap type="QVariantMap">
   <valuemap type="QVariantMap" key="DefaultDevices">
    <value type="QString" key="Desktop">Desktop Device</value>
    <value type="QString" key="GenericLinuxOsType">{65cb1ffa-d95d-442e-89d6-dc0b40c09c5d}</value>
   </valuemap>
   <valuelist type="QVariantList" key="DeviceList">
    <valuemap type="QVariantMap">
     <value type="int" key="Authentication">1</value>
     <value type="QString" key="DebugServerKey"></value>
     <valuemap type="QVariantMap" key="ExtraData"/>
     <value type="QString" key="FreePortsSpec">30000-31000</value>
     <value type="QString" key="Host"></value>
     <value type="int" key="HostKeyChecking">0</value>
     <value type="QString" key="InternalId">Desktop Device</value>
     <value type="QString" key="KeyFile"></value>
     <value type="QString" key="Name">Local PC</value>
     <value type="int" key="Origin">1</value>
     <value type="QString" key="OsType">Desktop</value>
     <value type="QString" key="QmlsceneKey"></value>
     <value type="int" key="SshPort">0</value>
     <value type="int" key="Timeout">0</value>
     <value type="int" key="Type">0</value>
     <value type="QString" key="Uname"></value>
     <value type="int" key="Version">0</value>
    </valuemap>
    <valuemap type="QVariantMap">
     <value type="int" key="Authentication">1</value>
     <value type="QString" key="DebugServerKey"></value>
     <valuemap type="QVariantMap" key="ExtraData">
      <value type="bool" key="RemoteLinux.SupportsRSync">true</value>
     </valuemap>
     <value type="QString" key="FreePortsSpec">1234-2000</value>
     <value type="QString" key="Host">rpi4</value>
     <value type="int" key="HostKeyChecking">2</value>
     <value type="QString" key="InternalId">{65cb1ffa-d95d-442e-89d6-dc0b40c09c5d}</value>
     <value type="QString" key="KeyFile">/home/laci/.ssh/VitezLaszlo</value>
     <value type="QString" key="Name">Rpi4</value>
     <value type="int" key="Origin">0</value>
     <value type="QString" key="OsType">GenericLinuxOsType</value>
     <value type="QString" key="QmlsceneKey"></value>
     <value type="int" key="SshPort">22</value>
     <value type="int" key="Timeout">10</value>
     <value type="int" key="Type">0</value>
     <value type="QString" key="Uname">laci</value>
     <value type="int" key="Version">0</value>
    </valuemap>
   </valuelist>
  </valuemap>
 </data>
</qtcreator>
