<?xml version="1.0" encoding="UTF-8"?>
<!DOCTYPE QtCreatorProfiles>
<!-- Written by QtCreator 4.10.2, 2019-11-21T23:00:33. -->
<qtcreator>
 <data>
  <variable>Kit.IrrelevantAspects</variable>
  <valuelist type="QVariantList"/>
 </data>
 <data>
  <variable>Profile.0</variable>
  <valuemap type="QVariantMap">
   <value type="bool" key="PE.Profile.AutoDetected">false</value>
   <value type="QString" key="PE.Profile.AutoDetectionSource"></value>
   <valuemap type="QVariantMap" key="PE.Profile.Data">
    <value type="QString"></value>
    <value type="QString" key="Android.GdbServer.Information"></value>
    <valuelist type="QVariantList" key="CMake.ConfigurationKitInformation">
     <value type="QString">BUILD_TESTS:BOOL=ON</value>
     <value type="QString">CMAKE_CXX_COMPILER:STRING=%{Compiler:Executable:Cxx}</value>
     <value type="QString">CMAKE_C_COMPILER:STRING=%{Compiler:Executable:C}</value>
     <value type="QString">CMAKE_PREFIX_PATH:STRING=%{Qt:QT_INSTALL_PREFIX}</value>
     <value type="QString">QT_QMAKE_EXECUTABLE:STRING=%{Qt:qmakeExecutable}</value>
    </valuelist>
    <valuemap type="QVariantMap" key="CMake.GeneratorKitInformation">
     <value type="QString" key="ExtraGenerator"></value>
     <value type="QString" key="Generator">Unix Makefiles</value>
     <value type="QString" key="Platform"></value>
     <value type="QString" key="Toolset"></value>
    </valuemap>
    <value type="QString" key="CMakeProjectManager.CMakeKitInformation">{75962a35-4bfb-49d3-bd14-9825d9d2f397}</value>
    <value type="QString" key="Debugger.Information">{9fe8dc3c-3534-4bc3-8299-b257b5cd9998}</value>
    <value type="QString" key="PE.Profile.Device">Desktop Device</value>
    <value type="QByteArray" key="PE.Profile.DeviceType">Desktop</value>
    <valuelist type="QVariantList" key="PE.Profile.Environment"/>
    <value type="QString" key="PE.Profile.SysRoot"></value>
    <value type="QString" key="PE.Profile.ToolChain">ProjectExplorer.ToolChain.Gcc:{7b5b8fc7-d8de-41d6-a8ae-633848a6b761}</value>
    <valuemap type="QVariantMap" key="PE.Profile.ToolChains">
     <value type="QByteArray" key="C">{4dee1690-3c2c-4045-a2da-9e04cbde039d}</value>
     <value type="QString" key="Cxx">ProjectExplorer.ToolChain.Gcc:{7b5b8fc7-d8de-41d6-a8ae-633848a6b761}</value>
    </valuemap>
    <valuemap type="QVariantMap" key="PE.Profile.ToolChainsV3">
     <value type="QByteArray" key="C">{4dee1690-3c2c-4045-a2da-9e04cbde039d}</value>
     <value type="QByteArray" key="Cxx">{7b5b8fc7-d8de-41d6-a8ae-633848a6b761}</value>
    </valuemap>
    <value type="QString" key="Qbs.KitInformation"></value>
    <value type="QString" key="QtPM4.mkSpecInformation"></value>
    <value type="int" key="QtSupport.QtInformation">-1</value>
   </valuemap>
   <value type="QString" key="PE.Profile.DeviceTypeForIcon"></value>
   <value type="QString" key="PE.Profile.Icon">:///DESKTOP///</value>
   <value type="QString" key="PE.Profile.Id">{6db2a6d9-1cfc-4d3b-a79a-5aa76c7f758e}</value>
   <valuelist type="QVariantList" key="PE.Profile.MutableInfo"/>
   <value type="QString" key="PE.Profile.Name">Desktop</value>
   <value type="bool" key="PE.Profile.SDK">false</value>
   <valuelist type="QVariantList" key="PE.Profile.StickyInfo"/>
  </valuemap>
 </data>
 <data>
  <variable>Profile.1</variable>
  <valuemap type="QVariantMap">
   <value type="bool" key="PE.Profile.AutoDetected">false</value>
   <value type="QString" key="PE.Profile.AutoDetectionSource"></value>
   <valuemap type="QVariantMap" key="PE.Profile.Data">
    <value type="QString"></value>
    <value type="QString" key="Android.GdbServer.Information"></value>
    <valuelist type="QVariantList" key="CMake.ConfigurationKitInformation">
     <value type="QString">CMAKE_CXX_COMPILER:STRING=%{Compiler:Executable:Cxx}</value>
     <value type="QString">CMAKE_C_COMPILER:STRING=%{Compiler:Executable:C}</value>
    </valuelist>
    <valuemap type="QVariantMap" key="CMake.GeneratorKitInformation">
     <value type="QString" key="ExtraGenerator"></value>
     <value type="QString" key="Generator">Unix Makefiles</value>
     <value type="QString" key="Platform"></value>
     <value type="QString" key="Toolset"></value>
    </valuemap>
    <value type="QString" key="CMakeProjectManager.CMakeKitInformation">{75962a35-4bfb-49d3-bd14-9825d9d2f397}</value>
    <value type="QString" key="Debugger.Information">{d19ddf42-0b59-4cb1-912a-e506b4cdf367}</value>
    <value type="QString" key="PE.Profile.Device">Desktop Device</value>
    <value type="QString" key="PE.Profile.DeviceType">Desktop</value>
    <valuelist type="QVariantList" key="PE.Profile.Environment"/>
    <value type="QString" key="PE.Profile.SysRoot"></value>
    <valuemap type="QVariantMap" key="PE.Profile.ToolChainsV3">
     <value type="QByteArray" key="C">{79daba2f-c2d6-4d81-bfa0-ca6cc81aa40b}</value>
     <value type="QByteArray" key="Cxx">{54a7accc-12e4-4a9c-a3ee-ffb54269206b}</value>
    </valuemap>
    <value type="QString" key="Qbs.KitInformation"></value>
    <value type="QString" key="QtPM4.mkSpecInformation"></value>
    <value type="int" key="QtSupport.QtInformation">-1</value>
   </valuemap>
   <value type="QString" key="PE.Profile.DeviceTypeForIcon"></value>
   <value type="QString" key="PE.Profile.Icon"></value>
   <value type="QString" key="PE.Profile.Id">{fdc2a848-9a4a-4370-9204-7ee9d37f9bda}</value>
   <valuelist type="QVariantList" key="PE.Profile.MutableInfo"/>
   <value type="QString" key="PE.Profile.Name">ESP</value>
   <value type="bool" key="PE.Profile.SDK">false</value>
   <valuelist type="QVariantList" key="PE.Profile.StickyInfo"/>
  </valuemap>
 </data>
 <data>
  <variable>Profile.2</variable>
  <valuemap type="QVariantMap">
   <value type="bool" key="PE.Profile.AutoDetected">false</value>
   <value type="QString" key="PE.Profile.AutoDetectionSource"></value>
   <valuemap type="QVariantMap" key="PE.Profile.Data">
    <value type="QString" key="Android.GdbServer.Information"></value>
    <valuelist type="QVariantList" key="CMake.ConfigurationKitInformation">
     <value type="QString">CMAKE_CXX_COMPILER:STRING=%{Compiler:Executable:Cxx}</value>
     <value type="QString">CMAKE_C_COMPILER:STRING=%{Compiler:Executable:C}</value>
     <value type="QString">CMAKE_PREFIX_PATH:STRING=%{Qt:QT_INSTALL_PREFIX}</value>
     <value type="QString">QT_QMAKE_EXECUTABLE:STRING=%{Qt:qmakeExecutable}</value>
    </valuelist>
    <valuemap type="QVariantMap" key="CMake.GeneratorKitInformation">
     <value type="QString" key="ExtraGenerator"></value>
     <value type="QString" key="Generator">Unix Makefiles</value>
     <value type="QString" key="Platform"></value>
     <value type="QString" key="Toolset"></value>
    </valuemap>
    <value type="QString" key="CMakeProjectManager.CMakeKitInformation">{75962a35-4bfb-49d3-bd14-9825d9d2f397}</value>
    <value type="QString" key="Debugger.Information">{0f55c2d3-4e8e-4663-8593-888e848dc640}</value>
    <value type="QString" key="PE.Profile.Device">{65cb1ffa-d95d-442e-89d6-dc0b40c09c5d}</value>
    <value type="QString" key="PE.Profile.DeviceType">GenericLinuxOsType</value>
    <valuelist type="QVariantList" key="PE.Profile.Environment"/>
    <value type="QString" key="PE.Profile.SysRoot"></value>
    <valuemap type="QVariantMap" key="PE.Profile.ToolChainsV3">
     <value type="QByteArray" key="C">{6f83c30e-eb53-448e-959b-e335be487a83}</value>
     <value type="QByteArray" key="Cxx">{cf195c2e-48d0-418d-9aad-21b302719ba0}</value>
    </valuemap>
    <value type="QString" key="Qbs.KitInformation"></value>
    <value type="QString" key="QtPM4.mkSpecInformation"></value>
    <value type="int" key="QtSupport.QtInformation">-1</value>
   </valuemap>
   <value type="QString" key="PE.Profile.DeviceTypeForIcon"></value>
   <value type="QString" key="PE.Profile.Icon"></value>
   <value type="QString" key="PE.Profile.Id">{7eec40c0-163b-4abf-a407-c754aea36f71}</value>
   <valuelist type="QVariantList" key="PE.Profile.MutableInfo"/>
   <value type="QString" key="PE.Profile.Name">CrossCompile-ARM-Remote</value>
   <value type="bool" key="PE.Profile.SDK">false</value>
   <valuelist type="QVariantList" key="PE.Profile.StickyInfo"/>
  </valuemap>
 </data>
 <data>
  <variable>Profile.3</variable>
  <valuemap type="QVariantMap">
   <value type="bool" key="PE.Profile.AutoDetected">false</value>
   <value type="QString" key="PE.Profile.AutoDetectionSource"></value>
   <valuemap type="QVariantMap" key="PE.Profile.Data">
    <value type="QString" key="Android.GdbServer.Information"></value>
    <valuelist type="QVariantList" key="CMake.ConfigurationKitInformation">
     <value type="QString">CMAKE_CXX_COMPILER:STRING=%{Compiler:Executable:Cxx}</value>
     <value type="QString">CMAKE_C_COMPILER:STRING=%{Compiler:Executable:C}</value>
     <value type="QString">CMAKE_PREFIX_PATH:STRING=%{Qt:QT_INSTALL_PREFIX}</value>
     <value type="QString">QT_QMAKE_EXECUTABLE:STRING=%{Qt:qmakeExecutable}</value>
    </valuelist>
    <valuemap type="QVariantMap" key="CMake.GeneratorKitInformation">
     <value type="QString" key="ExtraGenerator"></value>
     <value type="QString" key="Generator">Unix Makefiles</value>
     <value type="QString" key="Platform"></value>
     <value type="QString" key="Toolset"></value>
    </valuemap>
    <value type="QString" key="CMakeProjectManager.CMakeKitInformation">{75962a35-4bfb-49d3-bd14-9825d9d2f397}</value>
    <value type="QString" key="Debugger.Information">{0f55c2d3-4e8e-4663-8593-888e848dc640}</value>
    <value type="QString" key="PE.Profile.Device">{65cb1ffa-d95d-442e-89d6-dc0b40c09c5d}</value>
    <value type="QString" key="PE.Profile.DeviceType">GenericLinuxOsType</value>
    <valuelist type="QVariantList" key="PE.Profile.Environment"/>
    <value type="QString" key="PE.Profile.SysRoot"></value>
    <valuemap type="QVariantMap" key="PE.Profile.ToolChainsV3">
     <value type="QByteArray" key="C">{27c5e59e-06db-434e-985c-bb4dd0964249}</value>
     <value type="QByteArray" key="Cxx">{222499ea-8c6e-41cb-ba92-99d4b8e9579f}</value>
    </valuemap>
    <value type="QString" key="Qbs.KitInformation"></value>
    <value type="QString" key="QtPM4.mkSpecInformation"></value>
    <value type="int" key="QtSupport.QtInformation">-1</value>
   </valuemap>
   <value type="QString" key="PE.Profile.DeviceTypeForIcon"></value>
   <value type="QString" key="PE.Profile.Icon"></value>
   <value type="QString" key="PE.Profile.Id">{8e0158ed-9db7-487f-a07f-5d0b5b085e99}</value>
   <valuelist type="QVariantList" key="PE.Profile.MutableInfo"/>
   <value type="QString" key="PE.Profile.Name">CrossCompile-ARM-Remote-own</value>
   <value type="bool" key="PE.Profile.SDK">false</value>
   <valuelist type="QVariantList" key="PE.Profile.StickyInfo"/>
  </valuemap>
 </data>
 <data>
  <variable>Profile.Count</variable>
  <value type="int">4</value>
 </data>
 <data>
  <variable>Profile.Default</variable>
  <value type="QString">{6db2a6d9-1cfc-4d3b-a79a-5aa76c7f758e}</value>
 </data>
 <data>
  <variable>Version</variable>
  <value type="int">1</value>
 </data>
</qtcreator>
