<?xml version="1.0" encoding="UTF-8"?>
<!DOCTYPE QtCreatorQtVersions>
<!-- Written by QtCreator 4.10.2, 2019-11-21T22:57:05. -->
<qtcreator>
 <data>
  <variable>QtVersion.0</variable>
  <valuemap type="QVariantMap">
   <value type="int" key="Id">2</value>
   <value type="QString" key="Name">Qt %{Qt:Version} in PATH (qt4)</value>
   <value type="QString" key="QMakePath">/usr/lib/x86_64-linux-gnu/qt4/bin/qmake</value>
   <value type="QString" key="QtVersion.Type">Qt4ProjectManager.QtVersion.Desktop</value>
   <value type="QString" key="autodetectionSource">PATH</value>
   <value type="bool" key="isAutodetected">true</value>
  </valuemap>
 </data>
 <data>
  <variable>QtVersion.1</variable>
  <valuemap type="QVariantMap">
   <value type="int" key="Id">4</value>
   <value type="QString" key="Name">Qt %{Qt:Version} in PATH (qt5)</value>
   <value type="QString" key="QMakePath">/usr/lib/x86_64-linux-gnu/qt5/bin/qmake</value>
   <value type="QString" key="QtVersion.Type">Qt4ProjectManager.QtVersion.Desktop</value>
   <value type="QString" key="autodetectionSource">PATH</value>
   <value type="bool" key="isAutodetected">true</value>
  </valuemap>
 </data>
 <data>
  <variable>Version</variable>
  <value type="int">1</value>
 </data>
</qtcreator>
