<?xml version="1.0" encoding="UTF-8"?>
<!DOCTYPE QtCreatorToolChains>
<!-- Written by QtCreator 4.10.2, 2019-11-21T23:00:33. -->
<qtcreator>
 <data>
  <variable>ToolChain.0</variable>
  <valuemap type="QVariantMap">
   <value type="QString" key="ProjectExplorer.GccToolChain.OriginalTargetTriple">x86_64-linux-gnu</value>
   <value type="QString" key="ProjectExplorer.GccToolChain.Path">/usr/bin/g++</value>
   <valuelist type="QVariantList" key="ProjectExplorer.GccToolChain.PlatformCodeGenFlags"/>
   <valuelist type="QVariantList" key="ProjectExplorer.GccToolChain.PlatformLinkerFlags"/>
   <valuelist type="QVariantList" key="ProjectExplorer.GccToolChain.SupportedAbis">
    <value type="QString">x86-linux-generic-elf-64bit</value>
    <value type="QString">x86-linux-generic-elf-32bit</value>
   </valuelist>
   <value type="QString" key="ProjectExplorer.GccToolChain.TargetAbi">x86-linux-generic-elf-64bit</value>
   <value type="bool" key="ProjectExplorer.ToolChain.Autodetect">true</value>
   <value type="QString" key="ProjectExplorer.ToolChain.DisplayName">GCC (x86 64bit in /usr/bin)</value>
   <value type="QString" key="ProjectExplorer.ToolChain.Id">ProjectExplorer.ToolChain.Gcc:{7b5b8fc7-d8de-41d6-a8ae-633848a6b761}</value>
   <value type="int" key="ProjectExplorer.ToolChain.Language">2</value>
   <value type="QString" key="ProjectExplorer.ToolChain.LanguageV2">Cxx</value>
  </valuemap>
 </data>
 <data>
  <variable>ToolChain.1</variable>
  <valuemap type="QVariantMap">
   <value type="QString" key="ProjectExplorer.GccToolChain.OriginalTargetTriple"></value>
   <value type="QString" key="ProjectExplorer.GccToolChain.Path">/usr/bin/g++</value>
   <valuelist type="QVariantList" key="ProjectExplorer.GccToolChain.PlatformCodeGenFlags"/>
   <valuelist type="QVariantList" key="ProjectExplorer.GccToolChain.PlatformLinkerFlags"/>
   <valuelist type="QVariantList" key="ProjectExplorer.GccToolChain.SupportedAbis">
    <value type="QString">x86-linux-generic-elf-64bit</value>
    <value type="QString">x86-linux-generic-elf-32bit</value>
   </valuelist>
   <value type="QString" key="ProjectExplorer.GccToolChain.TargetAbi">x86-linux-generic-elf-32bit</value>
   <value type="bool" key="ProjectExplorer.ToolChain.Autodetect">true</value>
   <value type="QString" key="ProjectExplorer.ToolChain.DisplayName">GCC (x86 32bit in /usr/bin)</value>
   <value type="QString" key="ProjectExplorer.ToolChain.Id">ProjectExplorer.ToolChain.Gcc:{e9654c4a-5969-4f62-8b8b-1692b48f6741}</value>
   <value type="int" key="ProjectExplorer.ToolChain.Language">2</value>
   <value type="QString" key="ProjectExplorer.ToolChain.LanguageV2">Cxx</value>
  </valuemap>
 </data>
 <data>
  <variable>ToolChain.10</variable>
  <valuemap type="QVariantMap">
   <value type="QString" key="ProjectExplorer.GccToolChain.OriginalTargetTriple">x86_64-linux-gnu</value>
   <value type="QString" key="ProjectExplorer.GccToolChain.Path">/usr/bin/x86_64-linux-gnu-g++-4.8</value>
   <valuelist type="QVariantList" key="ProjectExplorer.GccToolChain.PlatformCodeGenFlags"/>
   <valuelist type="QVariantList" key="ProjectExplorer.GccToolChain.PlatformLinkerFlags"/>
   <valuelist type="QVariantList" key="ProjectExplorer.GccToolChain.SupportedAbis">
    <value type="QString">x86-linux-generic-elf-64bit</value>
    <value type="QString">x86-linux-generic-elf-32bit</value>
   </valuelist>
   <value type="QString" key="ProjectExplorer.GccToolChain.TargetAbi">x86-linux-generic-elf-64bit</value>
   <value type="bool" key="ProjectExplorer.ToolChain.Autodetect">true</value>
   <value type="QString" key="ProjectExplorer.ToolChain.DisplayName">GCC 4.8 (C++, x86 64bit in /usr/bin)</value>
   <value type="QString" key="ProjectExplorer.ToolChain.Id">ProjectExplorer.ToolChain.Gcc:{15d730f1-86a7-4153-8733-ac0fa0bbcde9}</value>
   <value type="int" key="ProjectExplorer.ToolChain.Language">2</value>
   <value type="QString" key="ProjectExplorer.ToolChain.LanguageV2">Cxx</value>
  </valuemap>
 </data>
 <data>
  <variable>ToolChain.11</variable>
  <valuemap type="QVariantMap">
   <value type="QString" key="ProjectExplorer.GccToolChain.OriginalTargetTriple">x86_64-linux-gnu</value>
   <value type="QString" key="ProjectExplorer.GccToolChain.Path">/usr/bin/x86_64-linux-gnu-g++-4.8</value>
   <valuelist type="QVariantList" key="ProjectExplorer.GccToolChain.PlatformCodeGenFlags"/>
   <valuelist type="QVariantList" key="ProjectExplorer.GccToolChain.PlatformLinkerFlags"/>
   <valuelist type="QVariantList" key="ProjectExplorer.GccToolChain.SupportedAbis">
    <value type="QString">x86-linux-generic-elf-64bit</value>
    <value type="QString">x86-linux-generic-elf-32bit</value>
   </valuelist>
   <value type="QString" key="ProjectExplorer.GccToolChain.TargetAbi">x86-linux-generic-elf-32bit</value>
   <value type="bool" key="ProjectExplorer.ToolChain.Autodetect">true</value>
   <value type="QString" key="ProjectExplorer.ToolChain.DisplayName">GCC 4.8 (C++, x86 32bit in /usr/bin)</value>
   <value type="QString" key="ProjectExplorer.ToolChain.Id">ProjectExplorer.ToolChain.Gcc:{f70a4dc9-0325-4219-bfad-da10bfea2f5b}</value>
   <value type="int" key="ProjectExplorer.ToolChain.Language">2</value>
   <value type="QString" key="ProjectExplorer.ToolChain.LanguageV2">Cxx</value>
  </valuemap>
 </data>
 <data>
  <variable>ToolChain.12</variable>
  <valuemap type="QVariantMap">
   <value type="QString" key="ProjectExplorer.GccToolChain.OriginalTargetTriple">x86_64-linux-gnu</value>
   <value type="QString" key="ProjectExplorer.GccToolChain.Path">/usr/bin/x86_64-linux-gnu-g++-5</value>
   <valuelist type="QVariantList" key="ProjectExplorer.GccToolChain.PlatformCodeGenFlags"/>
   <valuelist type="QVariantList" key="ProjectExplorer.GccToolChain.PlatformLinkerFlags"/>
   <valuelist type="QVariantList" key="ProjectExplorer.GccToolChain.SupportedAbis">
    <value type="QString">x86-linux-generic-elf-64bit</value>
    <value type="QString">x86-linux-generic-elf-32bit</value>
   </valuelist>
   <value type="QString" key="ProjectExplorer.GccToolChain.TargetAbi">x86-linux-generic-elf-64bit</value>
   <value type="bool" key="ProjectExplorer.ToolChain.Autodetect">true</value>
   <value type="QString" key="ProjectExplorer.ToolChain.DisplayName">GCC 5 (C++, x86 64bit in /usr/bin)</value>
   <value type="QString" key="ProjectExplorer.ToolChain.Id">ProjectExplorer.ToolChain.Gcc:{fb826e0a-4010-409e-b66d-d704a584ab4d}</value>
   <value type="int" key="ProjectExplorer.ToolChain.Language">2</value>
   <value type="QString" key="ProjectExplorer.ToolChain.LanguageV2">Cxx</value>
  </valuemap>
 </data>
 <data>
  <variable>ToolChain.13</variable>
  <valuemap type="QVariantMap">
   <value type="QString" key="ProjectExplorer.GccToolChain.OriginalTargetTriple">x86_64-linux-gnu</value>
   <value type="QString" key="ProjectExplorer.GccToolChain.Path">/usr/bin/x86_64-linux-gnu-g++-5</value>
   <valuelist type="QVariantList" key="ProjectExplorer.GccToolChain.PlatformCodeGenFlags"/>
   <valuelist type="QVariantList" key="ProjectExplorer.GccToolChain.PlatformLinkerFlags"/>
   <valuelist type="QVariantList" key="ProjectExplorer.GccToolChain.SupportedAbis">
    <value type="QString">x86-linux-generic-elf-64bit</value>
    <value type="QString">x86-linux-generic-elf-32bit</value>
   </valuelist>
   <value type="QString" key="ProjectExplorer.GccToolChain.TargetAbi">x86-linux-generic-elf-32bit</value>
   <value type="bool" key="ProjectExplorer.ToolChain.Autodetect">true</value>
   <value type="QString" key="ProjectExplorer.ToolChain.DisplayName">GCC 5 (C++, x86 32bit in /usr/bin)</value>
   <value type="QString" key="ProjectExplorer.ToolChain.Id">ProjectExplorer.ToolChain.Gcc:{8692f9ba-1a68-4f98-b9d2-6b039b0eb60d}</value>
   <value type="int" key="ProjectExplorer.ToolChain.Language">2</value>
   <value type="QString" key="ProjectExplorer.ToolChain.LanguageV2">Cxx</value>
  </valuemap>
 </data>
 <data>
  <variable>ToolChain.14</variable>
  <valuemap type="QVariantMap">
   <value type="QString" key="ProjectExplorer.GccToolChain.OriginalTargetTriple">x86_64-linux-gnu</value>
   <value type="QString" key="ProjectExplorer.GccToolChain.Path">/usr/bin/gcc-4.8</value>
   <valuelist type="QVariantList" key="ProjectExplorer.GccToolChain.PlatformCodeGenFlags"/>
   <valuelist type="QVariantList" key="ProjectExplorer.GccToolChain.PlatformLinkerFlags"/>
   <valuelist type="QVariantList" key="ProjectExplorer.GccToolChain.SupportedAbis">
    <value type="QString">x86-linux-generic-elf-64bit</value>
    <value type="QString">x86-linux-generic-elf-32bit</value>
   </valuelist>
   <value type="QString" key="ProjectExplorer.GccToolChain.TargetAbi">x86-linux-generic-elf-64bit</value>
   <value type="bool" key="ProjectExplorer.ToolChain.Autodetect">true</value>
   <value type="QString" key="ProjectExplorer.ToolChain.DisplayName">GCC 4.8 (C, x86 64bit in /usr/bin)</value>
   <value type="QString" key="ProjectExplorer.ToolChain.Id">ProjectExplorer.ToolChain.Gcc:{820673de-fdee-478a-89d4-d69d4fc1c196}</value>
   <value type="int" key="ProjectExplorer.ToolChain.Language">1</value>
   <value type="QString" key="ProjectExplorer.ToolChain.LanguageV2">C</value>
  </valuemap>
 </data>
 <data>
  <variable>ToolChain.15</variable>
  <valuemap type="QVariantMap">
   <value type="QString" key="ProjectExplorer.GccToolChain.OriginalTargetTriple">x86_64-linux-gnu</value>
   <value type="QString" key="ProjectExplorer.GccToolChain.Path">/usr/bin/gcc-4.8</value>
   <valuelist type="QVariantList" key="ProjectExplorer.GccToolChain.PlatformCodeGenFlags"/>
   <valuelist type="QVariantList" key="ProjectExplorer.GccToolChain.PlatformLinkerFlags"/>
   <valuelist type="QVariantList" key="ProjectExplorer.GccToolChain.SupportedAbis">
    <value type="QString">x86-linux-generic-elf-64bit</value>
    <value type="QString">x86-linux-generic-elf-32bit</value>
   </valuelist>
   <value type="QString" key="ProjectExplorer.GccToolChain.TargetAbi">x86-linux-generic-elf-32bit</value>
   <value type="bool" key="ProjectExplorer.ToolChain.Autodetect">true</value>
   <value type="QString" key="ProjectExplorer.ToolChain.DisplayName">GCC 4.8 (C, x86 32bit in /usr/bin)</value>
   <value type="QString" key="ProjectExplorer.ToolChain.Id">ProjectExplorer.ToolChain.Gcc:{95f78700-05c8-49bc-b53d-5e3e5bc5d0e0}</value>
   <value type="int" key="ProjectExplorer.ToolChain.Language">1</value>
   <value type="QString" key="ProjectExplorer.ToolChain.LanguageV2">C</value>
  </valuemap>
 </data>
 <data>
  <variable>ToolChain.16</variable>
  <valuemap type="QVariantMap">
   <value type="QString" key="ProjectExplorer.GccToolChain.OriginalTargetTriple">x86_64-linux-gnu</value>
   <value type="QString" key="ProjectExplorer.GccToolChain.Path">/usr/bin/gcc-5</value>
   <valuelist type="QVariantList" key="ProjectExplorer.GccToolChain.PlatformCodeGenFlags"/>
   <valuelist type="QVariantList" key="ProjectExplorer.GccToolChain.PlatformLinkerFlags"/>
   <valuelist type="QVariantList" key="ProjectExplorer.GccToolChain.SupportedAbis">
    <value type="QString">x86-linux-generic-elf-64bit</value>
    <value type="QString">x86-linux-generic-elf-32bit</value>
   </valuelist>
   <value type="QString" key="ProjectExplorer.GccToolChain.TargetAbi">x86-linux-generic-elf-64bit</value>
   <value type="bool" key="ProjectExplorer.ToolChain.Autodetect">true</value>
   <value type="QString" key="ProjectExplorer.ToolChain.DisplayName">GCC 5 (C, x86 64bit in /usr/bin)</value>
   <value type="QString" key="ProjectExplorer.ToolChain.Id">ProjectExplorer.ToolChain.Gcc:{64d56116-005f-4175-9249-da845ac3d826}</value>
   <value type="int" key="ProjectExplorer.ToolChain.Language">1</value>
   <value type="QString" key="ProjectExplorer.ToolChain.LanguageV2">C</value>
  </valuemap>
 </data>
 <data>
  <variable>ToolChain.17</variable>
  <valuemap type="QVariantMap">
   <value type="QString" key="ProjectExplorer.GccToolChain.OriginalTargetTriple">x86_64-linux-gnu</value>
   <value type="QString" key="ProjectExplorer.GccToolChain.Path">/usr/bin/gcc-5</value>
   <valuelist type="QVariantList" key="ProjectExplorer.GccToolChain.PlatformCodeGenFlags"/>
   <valuelist type="QVariantList" key="ProjectExplorer.GccToolChain.PlatformLinkerFlags"/>
   <valuelist type="QVariantList" key="ProjectExplorer.GccToolChain.SupportedAbis">
    <value type="QString">x86-linux-generic-elf-64bit</value>
    <value type="QString">x86-linux-generic-elf-32bit</value>
   </valuelist>
   <value type="QString" key="ProjectExplorer.GccToolChain.TargetAbi">x86-linux-generic-elf-32bit</value>
   <value type="bool" key="ProjectExplorer.ToolChain.Autodetect">true</value>
   <value type="QString" key="ProjectExplorer.ToolChain.DisplayName">GCC 5 (C, x86 32bit in /usr/bin)</value>
   <value type="QString" key="ProjectExplorer.ToolChain.Id">ProjectExplorer.ToolChain.Gcc:{96cb10c8-efbc-4386-8a7a-dd2206dee3d0}</value>
   <value type="int" key="ProjectExplorer.ToolChain.Language">1</value>
   <value type="QString" key="ProjectExplorer.ToolChain.LanguageV2">C</value>
  </valuemap>
 </data>
 <data>
  <variable>ToolChain.18</variable>
  <valuemap type="QVariantMap">
   <value type="QString" key="ProjectExplorer.GccToolChain.OriginalTargetTriple">x86_64-linux-gnu</value>
   <value type="QString" key="ProjectExplorer.GccToolChain.Path">/usr/bin/x86_64-linux-gnu-gcc</value>
   <valuelist type="QVariantList" key="ProjectExplorer.GccToolChain.PlatformCodeGenFlags"/>
   <valuelist type="QVariantList" key="ProjectExplorer.GccToolChain.PlatformLinkerFlags"/>
   <valuelist type="QVariantList" key="ProjectExplorer.GccToolChain.SupportedAbis">
    <value type="QString">x86-linux-generic-elf-64bit</value>
    <value type="QString">x86-linux-generic-elf-32bit</value>
   </valuelist>
   <value type="QString" key="ProjectExplorer.GccToolChain.TargetAbi">x86-linux-generic-elf-64bit</value>
   <value type="bool" key="ProjectExplorer.ToolChain.Autodetect">true</value>
   <value type="QString" key="ProjectExplorer.ToolChain.DisplayName">GCC (C, x86 64bit in /usr/bin)</value>
   <value type="QString" key="ProjectExplorer.ToolChain.Id">ProjectExplorer.ToolChain.Gcc:{b7b0e373-57d4-4b61-b99a-5f2ef39e8e51}</value>
   <value type="int" key="ProjectExplorer.ToolChain.Language">1</value>
   <value type="QString" key="ProjectExplorer.ToolChain.LanguageV2">C</value>
  </valuemap>
 </data>
 <data>
  <variable>ToolChain.19</variable>
  <valuemap type="QVariantMap">
   <value type="QString" key="ProjectExplorer.GccToolChain.OriginalTargetTriple">x86_64-linux-gnu</value>
   <value type="QString" key="ProjectExplorer.GccToolChain.Path">/usr/bin/x86_64-linux-gnu-gcc</value>
   <valuelist type="QVariantList" key="ProjectExplorer.GccToolChain.PlatformCodeGenFlags"/>
   <valuelist type="QVariantList" key="ProjectExplorer.GccToolChain.PlatformLinkerFlags"/>
   <valuelist type="QVariantList" key="ProjectExplorer.GccToolChain.SupportedAbis">
    <value type="QString">x86-linux-generic-elf-64bit</value>
    <value type="QString">x86-linux-generic-elf-32bit</value>
   </valuelist>
   <value type="QString" key="ProjectExplorer.GccToolChain.TargetAbi">x86-linux-generic-elf-32bit</value>
   <value type="bool" key="ProjectExplorer.ToolChain.Autodetect">true</value>
   <value type="QString" key="ProjectExplorer.ToolChain.DisplayName">GCC (C, x86 32bit in /usr/bin)</value>
   <value type="QString" key="ProjectExplorer.ToolChain.Id">ProjectExplorer.ToolChain.Gcc:{c8431326-9bd9-445f-bf6b-9b98dd20a7d2}</value>
   <value type="int" key="ProjectExplorer.ToolChain.Language">1</value>
   <value type="QString" key="ProjectExplorer.ToolChain.LanguageV2">C</value>
  </valuemap>
 </data>
 <data>
  <variable>ToolChain.2</variable>
  <valuemap type="QVariantMap">
   <value type="QString" key="ProjectExplorer.GccToolChain.OriginalTargetTriple">x86_64-linux-gnu</value>
   <value type="QString" key="ProjectExplorer.GccToolChain.Path">/usr/bin/gcc</value>
   <valuelist type="QVariantList" key="ProjectExplorer.GccToolChain.PlatformCodeGenFlags"/>
   <valuelist type="QVariantList" key="ProjectExplorer.GccToolChain.PlatformLinkerFlags"/>
   <valuelist type="QVariantList" key="ProjectExplorer.GccToolChain.SupportedAbis">
    <value type="QString">x86-linux-generic-elf-64bit</value>
    <value type="QString">x86-linux-generic-elf-32bit</value>
   </valuelist>
   <value type="QString" key="ProjectExplorer.GccToolChain.TargetAbi">x86-linux-generic-elf-64bit</value>
   <value type="bool" key="ProjectExplorer.ToolChain.Autodetect">true</value>
   <value type="QString" key="ProjectExplorer.ToolChain.DisplayName">GCC (C, x86 64bit in /usr/bin)</value>
   <value type="QString" key="ProjectExplorer.ToolChain.Id">ProjectExplorer.ToolChain.Gcc:{4dee1690-3c2c-4045-a2da-9e04cbde039d}</value>
   <value type="int" key="ProjectExplorer.ToolChain.Language">1</value>
   <value type="QString" key="ProjectExplorer.ToolChain.LanguageV2">C</value>
  </valuemap>
 </data>
 <data>
  <variable>ToolChain.20</variable>
  <valuemap type="QVariantMap">
   <value type="QString" key="ProjectExplorer.GccToolChain.OriginalTargetTriple">x86_64-linux-gnu</value>
   <value type="QString" key="ProjectExplorer.GccToolChain.Path">/usr/bin/x86_64-linux-gnu-gcc-4.8</value>
   <valuelist type="QVariantList" key="ProjectExplorer.GccToolChain.PlatformCodeGenFlags"/>
   <valuelist type="QVariantList" key="ProjectExplorer.GccToolChain.PlatformLinkerFlags"/>
   <valuelist type="QVariantList" key="ProjectExplorer.GccToolChain.SupportedAbis">
    <value type="QString">x86-linux-generic-elf-64bit</value>
    <value type="QString">x86-linux-generic-elf-32bit</value>
   </valuelist>
   <value type="QString" key="ProjectExplorer.GccToolChain.TargetAbi">x86-linux-generic-elf-64bit</value>
   <value type="bool" key="ProjectExplorer.ToolChain.Autodetect">true</value>
   <value type="QString" key="ProjectExplorer.ToolChain.DisplayName">GCC 4.8 (C, x86 64bit in /usr/bin)</value>
   <value type="QString" key="ProjectExplorer.ToolChain.Id">ProjectExplorer.ToolChain.Gcc:{dd295a9a-9098-47a3-b624-d68cd9ed0af1}</value>
   <value type="int" key="ProjectExplorer.ToolChain.Language">1</value>
   <value type="QString" key="ProjectExplorer.ToolChain.LanguageV2">C</value>
  </valuemap>
 </data>
 <data>
  <variable>ToolChain.21</variable>
  <valuemap type="QVariantMap">
   <value type="QString" key="ProjectExplorer.GccToolChain.OriginalTargetTriple">x86_64-linux-gnu</value>
   <value type="QString" key="ProjectExplorer.GccToolChain.Path">/usr/bin/x86_64-linux-gnu-gcc-4.8</value>
   <valuelist type="QVariantList" key="ProjectExplorer.GccToolChain.PlatformCodeGenFlags"/>
   <valuelist type="QVariantList" key="ProjectExplorer.GccToolChain.PlatformLinkerFlags"/>
   <valuelist type="QVariantList" key="ProjectExplorer.GccToolChain.SupportedAbis">
    <value type="QString">x86-linux-generic-elf-64bit</value>
    <value type="QString">x86-linux-generic-elf-32bit</value>
   </valuelist>
   <value type="QString" key="ProjectExplorer.GccToolChain.TargetAbi">x86-linux-generic-elf-32bit</value>
   <value type="bool" key="ProjectExplorer.ToolChain.Autodetect">true</value>
   <value type="QString" key="ProjectExplorer.ToolChain.DisplayName">GCC 4.8 (C, x86 32bit in /usr/bin)</value>
   <value type="QString" key="ProjectExplorer.ToolChain.Id">ProjectExplorer.ToolChain.Gcc:{7532ddb5-863a-44a9-a65a-dc0bed06f31b}</value>
   <value type="int" key="ProjectExplorer.ToolChain.Language">1</value>
   <value type="QString" key="ProjectExplorer.ToolChain.LanguageV2">C</value>
  </valuemap>
 </data>
 <data>
  <variable>ToolChain.22</variable>
  <valuemap type="QVariantMap">
   <value type="QString" key="ProjectExplorer.GccToolChain.OriginalTargetTriple">x86_64-linux-gnu</value>
   <value type="QString" key="ProjectExplorer.GccToolChain.Path">/usr/bin/x86_64-linux-gnu-gcc-5</value>
   <valuelist type="QVariantList" key="ProjectExplorer.GccToolChain.PlatformCodeGenFlags"/>
   <valuelist type="QVariantList" key="ProjectExplorer.GccToolChain.PlatformLinkerFlags"/>
   <valuelist type="QVariantList" key="ProjectExplorer.GccToolChain.SupportedAbis">
    <value type="QString">x86-linux-generic-elf-64bit</value>
    <value type="QString">x86-linux-generic-elf-32bit</value>
   </valuelist>
   <value type="QString" key="ProjectExplorer.GccToolChain.TargetAbi">x86-linux-generic-elf-64bit</value>
   <value type="bool" key="ProjectExplorer.ToolChain.Autodetect">true</value>
   <value type="QString" key="ProjectExplorer.ToolChain.DisplayName">GCC 5 (C, x86 64bit in /usr/bin)</value>
   <value type="QString" key="ProjectExplorer.ToolChain.Id">ProjectExplorer.ToolChain.Gcc:{2df3979b-e841-4fb8-b33d-bc8f219e001f}</value>
   <value type="int" key="ProjectExplorer.ToolChain.Language">1</value>
   <value type="QString" key="ProjectExplorer.ToolChain.LanguageV2">C</value>
  </valuemap>
 </data>
 <data>
  <variable>ToolChain.23</variable>
  <valuemap type="QVariantMap">
   <value type="QString" key="ProjectExplorer.GccToolChain.OriginalTargetTriple">x86_64-linux-gnu</value>
   <value type="QString" key="ProjectExplorer.GccToolChain.Path">/usr/bin/x86_64-linux-gnu-gcc-5</value>
   <valuelist type="QVariantList" key="ProjectExplorer.GccToolChain.PlatformCodeGenFlags"/>
   <valuelist type="QVariantList" key="ProjectExplorer.GccToolChain.PlatformLinkerFlags"/>
   <valuelist type="QVariantList" key="ProjectExplorer.GccToolChain.SupportedAbis">
    <value type="QString">x86-linux-generic-elf-64bit</value>
    <value type="QString">x86-linux-generic-elf-32bit</value>
   </valuelist>
   <value type="QString" key="ProjectExplorer.GccToolChain.TargetAbi">x86-linux-generic-elf-32bit</value>
   <value type="bool" key="ProjectExplorer.ToolChain.Autodetect">true</value>
   <value type="QString" key="ProjectExplorer.ToolChain.DisplayName">GCC 5 (C, x86 32bit in /usr/bin)</value>
   <value type="QString" key="ProjectExplorer.ToolChain.Id">ProjectExplorer.ToolChain.Gcc:{88c9a785-8854-4adf-8641-7558803f4dff}</value>
   <value type="int" key="ProjectExplorer.ToolChain.Language">1</value>
   <value type="QString" key="ProjectExplorer.ToolChain.LanguageV2">C</value>
  </valuemap>
 </data>
 <data>
  <variable>ToolChain.24</variable>
  <valuemap type="QVariantMap">
   <value type="QString" key="ProjectExplorer.GccToolChain.OriginalTargetTriple">x86_64-linux-gnu</value>
   <value type="QString" key="ProjectExplorer.GccToolChain.Path">/usr/bin/g++-7</value>
   <valuelist type="QVariantList" key="ProjectExplorer.GccToolChain.PlatformCodeGenFlags"/>
   <valuelist type="QVariantList" key="ProjectExplorer.GccToolChain.PlatformLinkerFlags"/>
   <valuelist type="QVariantList" key="ProjectExplorer.GccToolChain.SupportedAbis">
    <value type="QString">x86-linux-generic-elf-64bit</value>
    <value type="QString">x86-linux-generic-elf-32bit</value>
   </valuelist>
   <value type="QString" key="ProjectExplorer.GccToolChain.TargetAbi">x86-linux-generic-elf-64bit</value>
   <value type="bool" key="ProjectExplorer.ToolChain.Autodetect">true</value>
   <value type="QString" key="ProjectExplorer.ToolChain.DisplayName">GCC 7 (C++, x86 64bit in /usr/bin)</value>
   <value type="QString" key="ProjectExplorer.ToolChain.Id">ProjectExplorer.ToolChain.Gcc:{4f0e0eca-ba23-42e6-a1f5-2857f3c979e4}</value>
   <value type="int" key="ProjectExplorer.ToolChain.Language">2</value>
   <value type="QString" key="ProjectExplorer.ToolChain.LanguageV2">Cxx</value>
  </valuemap>
 </data>
 <data>
  <variable>ToolChain.25</variable>
  <valuemap type="QVariantMap">
   <value type="QString" key="ProjectExplorer.GccToolChain.OriginalTargetTriple">x86_64-linux-gnu</value>
   <value type="QString" key="ProjectExplorer.GccToolChain.Path">/usr/bin/g++-7</value>
   <valuelist type="QVariantList" key="ProjectExplorer.GccToolChain.PlatformCodeGenFlags"/>
   <valuelist type="QVariantList" key="ProjectExplorer.GccToolChain.PlatformLinkerFlags"/>
   <valuelist type="QVariantList" key="ProjectExplorer.GccToolChain.SupportedAbis">
    <value type="QString">x86-linux-generic-elf-64bit</value>
    <value type="QString">x86-linux-generic-elf-32bit</value>
   </valuelist>
   <value type="QString" key="ProjectExplorer.GccToolChain.TargetAbi">x86-linux-generic-elf-32bit</value>
   <value type="bool" key="ProjectExplorer.ToolChain.Autodetect">true</value>
   <value type="QString" key="ProjectExplorer.ToolChain.DisplayName">GCC 7 (C++, x86 32bit in /usr/bin)</value>
   <value type="QString" key="ProjectExplorer.ToolChain.Id">ProjectExplorer.ToolChain.Gcc:{814ee9ae-dc52-4cd9-9a88-d91eba7c3dae}</value>
   <value type="int" key="ProjectExplorer.ToolChain.Language">2</value>
   <value type="QString" key="ProjectExplorer.ToolChain.LanguageV2">Cxx</value>
  </valuemap>
 </data>
 <data>
  <variable>ToolChain.26</variable>
  <valuemap type="QVariantMap">
   <value type="QString" key="ProjectExplorer.GccToolChain.OriginalTargetTriple">x86_64-linux-gnu</value>
   <value type="QString" key="ProjectExplorer.GccToolChain.Path">/usr/bin/x86_64-linux-gnu-g++-7</value>
   <valuelist type="QVariantList" key="ProjectExplorer.GccToolChain.PlatformCodeGenFlags"/>
   <valuelist type="QVariantList" key="ProjectExplorer.GccToolChain.PlatformLinkerFlags"/>
   <valuelist type="QVariantList" key="ProjectExplorer.GccToolChain.SupportedAbis">
    <value type="QString">x86-linux-generic-elf-64bit</value>
    <value type="QString">x86-linux-generic-elf-32bit</value>
   </valuelist>
   <value type="QString" key="ProjectExplorer.GccToolChain.TargetAbi">x86-linux-generic-elf-64bit</value>
   <value type="bool" key="ProjectExplorer.ToolChain.Autodetect">true</value>
   <value type="QString" key="ProjectExplorer.ToolChain.DisplayName">GCC 7 (C++, x86 64bit in /usr/bin)</value>
   <value type="QString" key="ProjectExplorer.ToolChain.Id">ProjectExplorer.ToolChain.Gcc:{bbe08a4f-a279-4a22-869d-1fd9c0a4b4cd}</value>
   <value type="int" key="ProjectExplorer.ToolChain.Language">2</value>
   <value type="QString" key="ProjectExplorer.ToolChain.LanguageV2">Cxx</value>
  </valuemap>
 </data>
 <data>
  <variable>ToolChain.27</variable>
  <valuemap type="QVariantMap">
   <value type="QString" key="ProjectExplorer.GccToolChain.OriginalTargetTriple">x86_64-linux-gnu</value>
   <value type="QString" key="ProjectExplorer.GccToolChain.Path">/usr/bin/x86_64-linux-gnu-g++-7</value>
   <valuelist type="QVariantList" key="ProjectExplorer.GccToolChain.PlatformCodeGenFlags"/>
   <valuelist type="QVariantList" key="ProjectExplorer.GccToolChain.PlatformLinkerFlags"/>
   <valuelist type="QVariantList" key="ProjectExplorer.GccToolChain.SupportedAbis">
    <value type="QString">x86-linux-generic-elf-64bit</value>
    <value type="QString">x86-linux-generic-elf-32bit</value>
   </valuelist>
   <value type="QString" key="ProjectExplorer.GccToolChain.TargetAbi">x86-linux-generic-elf-32bit</value>
   <value type="bool" key="ProjectExplorer.ToolChain.Autodetect">true</value>
   <value type="QString" key="ProjectExplorer.ToolChain.DisplayName">GCC 7 (C++, x86 32bit in /usr/bin)</value>
   <value type="QString" key="ProjectExplorer.ToolChain.Id">ProjectExplorer.ToolChain.Gcc:{e714bc01-f978-47d4-b8e5-e11412edf356}</value>
   <value type="int" key="ProjectExplorer.ToolChain.Language">2</value>
   <value type="QString" key="ProjectExplorer.ToolChain.LanguageV2">Cxx</value>
  </valuemap>
 </data>
 <data>
  <variable>ToolChain.28</variable>
  <valuemap type="QVariantMap">
   <value type="QString" key="ProjectExplorer.GccToolChain.OriginalTargetTriple">x86_64-linux-gnu</value>
   <value type="QString" key="ProjectExplorer.GccToolChain.Path">/usr/bin/gcc-7</value>
   <valuelist type="QVariantList" key="ProjectExplorer.GccToolChain.PlatformCodeGenFlags"/>
   <valuelist type="QVariantList" key="ProjectExplorer.GccToolChain.PlatformLinkerFlags"/>
   <valuelist type="QVariantList" key="ProjectExplorer.GccToolChain.SupportedAbis">
    <value type="QString">x86-linux-generic-elf-64bit</value>
    <value type="QString">x86-linux-generic-elf-32bit</value>
   </valuelist>
   <value type="QString" key="ProjectExplorer.GccToolChain.TargetAbi">x86-linux-generic-elf-64bit</value>
   <value type="bool" key="ProjectExplorer.ToolChain.Autodetect">true</value>
   <value type="QString" key="ProjectExplorer.ToolChain.DisplayName">GCC 7 (C, x86 64bit in /usr/bin)</value>
   <value type="QString" key="ProjectExplorer.ToolChain.Id">ProjectExplorer.ToolChain.Gcc:{0e4a4bb7-0baf-4863-bdec-dfcda4bc0dcb}</value>
   <value type="int" key="ProjectExplorer.ToolChain.Language">1</value>
   <value type="QString" key="ProjectExplorer.ToolChain.LanguageV2">C</value>
  </valuemap>
 </data>
 <data>
  <variable>ToolChain.29</variable>
  <valuemap type="QVariantMap">
   <value type="QString" key="ProjectExplorer.GccToolChain.OriginalTargetTriple">x86_64-linux-gnu</value>
   <value type="QString" key="ProjectExplorer.GccToolChain.Path">/usr/bin/gcc-7</value>
   <valuelist type="QVariantList" key="ProjectExplorer.GccToolChain.PlatformCodeGenFlags"/>
   <valuelist type="QVariantList" key="ProjectExplorer.GccToolChain.PlatformLinkerFlags"/>
   <valuelist type="QVariantList" key="ProjectExplorer.GccToolChain.SupportedAbis">
    <value type="QString">x86-linux-generic-elf-64bit</value>
    <value type="QString">x86-linux-generic-elf-32bit</value>
   </valuelist>
   <value type="QString" key="ProjectExplorer.GccToolChain.TargetAbi">x86-linux-generic-elf-32bit</value>
   <value type="bool" key="ProjectExplorer.ToolChain.Autodetect">true</value>
   <value type="QString" key="ProjectExplorer.ToolChain.DisplayName">GCC 7 (C, x86 32bit in /usr/bin)</value>
   <value type="QString" key="ProjectExplorer.ToolChain.Id">ProjectExplorer.ToolChain.Gcc:{60b021be-d640-4850-8167-bfedcce5fbdb}</value>
   <value type="int" key="ProjectExplorer.ToolChain.Language">1</value>
   <value type="QString" key="ProjectExplorer.ToolChain.LanguageV2">C</value>
  </valuemap>
 </data>
 <data>
  <variable>ToolChain.3</variable>
  <valuemap type="QVariantMap">
   <value type="QString" key="ProjectExplorer.GccToolChain.OriginalTargetTriple">x86_64-linux-gnu</value>
   <value type="QString" key="ProjectExplorer.GccToolChain.Path">/usr/bin/gcc</value>
   <valuelist type="QVariantList" key="ProjectExplorer.GccToolChain.PlatformCodeGenFlags"/>
   <valuelist type="QVariantList" key="ProjectExplorer.GccToolChain.PlatformLinkerFlags"/>
   <valuelist type="QVariantList" key="ProjectExplorer.GccToolChain.SupportedAbis">
    <value type="QString">x86-linux-generic-elf-64bit</value>
    <value type="QString">x86-linux-generic-elf-32bit</value>
   </valuelist>
   <value type="QString" key="ProjectExplorer.GccToolChain.TargetAbi">x86-linux-generic-elf-32bit</value>
   <value type="bool" key="ProjectExplorer.ToolChain.Autodetect">true</value>
   <value type="QString" key="ProjectExplorer.ToolChain.DisplayName">GCC (C, x86 32bit in /usr/bin)</value>
   <value type="QString" key="ProjectExplorer.ToolChain.Id">ProjectExplorer.ToolChain.Gcc:{919752bb-6ce9-4363-afed-1b4165b3ee2b}</value>
   <value type="int" key="ProjectExplorer.ToolChain.Language">1</value>
   <value type="QString" key="ProjectExplorer.ToolChain.LanguageV2">C</value>
  </valuemap>
 </data>
 <data>
  <variable>ToolChain.30</variable>
  <valuemap type="QVariantMap">
   <value type="QString" key="ProjectExplorer.GccToolChain.OriginalTargetTriple">x86_64-linux-gnu</value>
   <value type="QString" key="ProjectExplorer.GccToolChain.Path">/usr/bin/x86_64-linux-gnu-gcc-7</value>
   <valuelist type="QVariantList" key="ProjectExplorer.GccToolChain.PlatformCodeGenFlags"/>
   <valuelist type="QVariantList" key="ProjectExplorer.GccToolChain.PlatformLinkerFlags"/>
   <valuelist type="QVariantList" key="ProjectExplorer.GccToolChain.SupportedAbis">
    <value type="QString">x86-linux-generic-elf-64bit</value>
    <value type="QString">x86-linux-generic-elf-32bit</value>
   </valuelist>
   <value type="QString" key="ProjectExplorer.GccToolChain.TargetAbi">x86-linux-generic-elf-64bit</value>
   <value type="bool" key="ProjectExplorer.ToolChain.Autodetect">true</value>
   <value type="QString" key="ProjectExplorer.ToolChain.DisplayName">GCC 7 (C, x86 64bit in /usr/bin)</value>
   <value type="QString" key="ProjectExplorer.ToolChain.Id">ProjectExplorer.ToolChain.Gcc:{b7bbdd3b-0f21-4c42-a342-4c7473d4f125}</value>
   <value type="int" key="ProjectExplorer.ToolChain.Language">1</value>
   <value type="QString" key="ProjectExplorer.ToolChain.LanguageV2">C</value>
  </valuemap>
 </data>
 <data>
  <variable>ToolChain.31</variable>
  <valuemap type="QVariantMap">
   <value type="QString" key="ProjectExplorer.GccToolChain.OriginalTargetTriple">x86_64-linux-gnu</value>
   <value type="QString" key="ProjectExplorer.GccToolChain.Path">/usr/bin/x86_64-linux-gnu-gcc-7</value>
   <valuelist type="QVariantList" key="ProjectExplorer.GccToolChain.PlatformCodeGenFlags"/>
   <valuelist type="QVariantList" key="ProjectExplorer.GccToolChain.PlatformLinkerFlags"/>
   <valuelist type="QVariantList" key="ProjectExplorer.GccToolChain.SupportedAbis">
    <value type="QString">x86-linux-generic-elf-64bit</value>
    <value type="QString">x86-linux-generic-elf-32bit</value>
   </valuelist>
   <value type="QString" key="ProjectExplorer.GccToolChain.TargetAbi">x86-linux-generic-elf-32bit</value>
   <value type="bool" key="ProjectExplorer.ToolChain.Autodetect">true</value>
   <value type="QString" key="ProjectExplorer.ToolChain.DisplayName">GCC 7 (C, x86 32bit in /usr/bin)</value>
   <value type="QString" key="ProjectExplorer.ToolChain.Id">ProjectExplorer.ToolChain.Gcc:{b1ed0042-0b25-4322-a2f7-fba79db19aa0}</value>
   <value type="int" key="ProjectExplorer.ToolChain.Language">1</value>
   <value type="QString" key="ProjectExplorer.ToolChain.LanguageV2">C</value>
  </valuemap>
 </data>
 <data>
  <variable>ToolChain.32</variable>
  <valuemap type="QVariantMap">
   <value type="QByteArray" key="ProjectExplorer.ClangToolChain.ParentToolChainId"></value>
   <value type="QString" key="ProjectExplorer.GccToolChain.OriginalTargetTriple">x86_64-unknown-linux-gnu</value>
   <value type="QString" key="ProjectExplorer.GccToolChain.Path">/home/laci/Programs/Qt/Tools/QtCreator/libexec/qtcreator/clang/bin/clang</value>
   <valuelist type="QVariantList" key="ProjectExplorer.GccToolChain.PlatformCodeGenFlags"/>
   <valuelist type="QVariantList" key="ProjectExplorer.GccToolChain.PlatformLinkerFlags"/>
   <valuelist type="QVariantList" key="ProjectExplorer.GccToolChain.SupportedAbis">
    <value type="QString">x86-linux-generic-elf-64bit</value>
    <value type="QString">x86-linux-generic-elf-32bit</value>
   </valuelist>
   <value type="QString" key="ProjectExplorer.GccToolChain.TargetAbi">x86-linux-generic-elf-64bit</value>
   <value type="bool" key="ProjectExplorer.ToolChain.Autodetect">true</value>
   <value type="QString" key="ProjectExplorer.ToolChain.DisplayName">Clang (C, x86 64bit in /home/laci/Programs/Qt/Tools/QtCreator/libexec/qtcreator/clang/bin)</value>
   <value type="QString" key="ProjectExplorer.ToolChain.Id">ProjectExplorer.ToolChain.Clang:{ef661877-04de-4570-8d10-2416777c2f08}</value>
   <value type="int" key="ProjectExplorer.ToolChain.Language">1</value>
   <value type="QString" key="ProjectExplorer.ToolChain.LanguageV2">C</value>
  </valuemap>
 </data>
 <data>
  <variable>ToolChain.33</variable>
  <valuemap type="QVariantMap">
   <value type="QString" key="ProjectExplorer.CustomToolChain.CompilerPath">/home/laci/Programs/gcc/esp/xtensa-esp32-elf-gcc8.2.0/bin/xtensa-esp32-elf-gcc</value>
   <valuelist type="QVariantList" key="ProjectExplorer.CustomToolChain.Cxx11Flags">
    <value type="QString"></value>
   </valuelist>
   <value type="int" key="ProjectExplorer.CustomToolChain.ErrorChannel">3</value>
   <value type="QString" key="ProjectExplorer.CustomToolChain.ErrorExample"></value>
   <value type="int" key="ProjectExplorer.CustomToolChain.ErrorFileNameCap">1</value>
   <value type="int" key="ProjectExplorer.CustomToolChain.ErrorLineNumberCap">2</value>
   <value type="int" key="ProjectExplorer.CustomToolChain.ErrorMessageCap">3</value>
   <value type="QString" key="ProjectExplorer.CustomToolChain.ErrorPattern"></value>
   <valuelist type="QVariantList" key="ProjectExplorer.CustomToolChain.HeaderPaths"/>
   <value type="QString" key="ProjectExplorer.CustomToolChain.MakePath"></value>
   <value type="QString" key="ProjectExplorer.CustomToolChain.Mkspecs"></value>
   <value type="QString" key="ProjectExplorer.CustomToolChain.OutputParser">ProjectExplorer.OutputParser.Gcc</value>
   <valuelist type="QVariantList" key="ProjectExplorer.CustomToolChain.PredefinedMacros"/>
   <value type="QString" key="ProjectExplorer.CustomToolChain.TargetAbi">xtensa-baremetal-generic-elf-32bit</value>
   <value type="int" key="ProjectExplorer.CustomToolChain.WarningChannel">3</value>
   <value type="QString" key="ProjectExplorer.CustomToolChain.WarningExample"></value>
   <value type="int" key="ProjectExplorer.CustomToolChain.WarningFileNameCap">1</value>
   <value type="int" key="ProjectExplorer.CustomToolChain.WarningLineNumberCap">2</value>
   <value type="int" key="ProjectExplorer.CustomToolChain.WarningMessageCap">3</value>
   <value type="QString" key="ProjectExplorer.CustomToolChain.WarningPattern"></value>
   <value type="bool" key="ProjectExplorer.ToolChain.Autodetect">false</value>
   <value type="QString" key="ProjectExplorer.ToolChain.DisplayName">ESP-C</value>
   <value type="QString" key="ProjectExplorer.ToolChain.Id">ProjectExplorer.ToolChain.Custom:{79daba2f-c2d6-4d81-bfa0-ca6cc81aa40b}</value>
   <value type="int" key="ProjectExplorer.ToolChain.Language">1</value>
   <value type="QString" key="ProjectExplorer.ToolChain.LanguageV2">C</value>
  </valuemap>
 </data>
 <data>
  <variable>ToolChain.34</variable>
  <valuemap type="QVariantMap">
   <value type="QString" key="ProjectExplorer.GccToolChain.OriginalTargetTriple">xtensa-esp32-elf</value>
   <value type="QString" key="ProjectExplorer.GccToolChain.Path">/home/laci/Programs/gcc/esp/xtensa-esp32-elf-gcc8.2.0/bin/xtensa-esp32-elf-g++</value>
   <valuelist type="QVariantList" key="ProjectExplorer.GccToolChain.PlatformCodeGenFlags"/>
   <valuelist type="QVariantList" key="ProjectExplorer.GccToolChain.PlatformLinkerFlags"/>
   <valuelist type="QVariantList" key="ProjectExplorer.GccToolChain.SupportedAbis"/>
   <value type="QString" key="ProjectExplorer.GccToolChain.TargetAbi">xtensa-baremetal-generic-elf-32bit</value>
   <value type="bool" key="ProjectExplorer.ToolChain.Autodetect">false</value>
   <value type="QString" key="ProjectExplorer.ToolChain.DisplayName">ESP-cpp</value>
   <value type="QString" key="ProjectExplorer.ToolChain.Id">ProjectExplorer.ToolChain.Gcc:{54a7accc-12e4-4a9c-a3ee-ffb54269206b}</value>
   <value type="int" key="ProjectExplorer.ToolChain.Language">2</value>
   <value type="QString" key="ProjectExplorer.ToolChain.LanguageV2">Cxx</value>
  </valuemap>
 </data>
 <data>
  <variable>ToolChain.35</variable>
  <valuemap type="QVariantMap">
   <value type="QString" key="ProjectExplorer.GccToolChain.OriginalTargetTriple">arm-linux-gnueabihf</value>
   <value type="QString" key="ProjectExplorer.GccToolChain.Path">/usr/bin/arm-linux-gnueabihf-gcc</value>
   <valuelist type="QVariantList" key="ProjectExplorer.GccToolChain.PlatformCodeGenFlags"/>
   <valuelist type="QVariantList" key="ProjectExplorer.GccToolChain.PlatformLinkerFlags"/>
   <valuelist type="QVariantList" key="ProjectExplorer.GccToolChain.SupportedAbis">
    <value type="QString">arm-linux-generic-elf-32bit</value>
   </valuelist>
   <value type="QString" key="ProjectExplorer.GccToolChain.TargetAbi">arm-linux-generic-elf-32bit</value>
   <value type="bool" key="ProjectExplorer.ToolChain.Autodetect">false</value>
   <value type="QString" key="ProjectExplorer.ToolChain.DisplayName">GCC-Cross-ARM</value>
   <value type="QString" key="ProjectExplorer.ToolChain.Id">ProjectExplorer.ToolChain.Gcc:{6f83c30e-eb53-448e-959b-e335be487a83}</value>
   <value type="int" key="ProjectExplorer.ToolChain.Language">1</value>
   <value type="QString" key="ProjectExplorer.ToolChain.LanguageV2">C</value>
  </valuemap>
 </data>
 <data>
  <variable>ToolChain.36</variable>
  <valuemap type="QVariantMap">
   <value type="QString" key="ProjectExplorer.GccToolChain.OriginalTargetTriple">arm-linux-gnueabihf</value>
   <value type="QString" key="ProjectExplorer.GccToolChain.Path">/usr/bin/arm-linux-gnueabihf-g++</value>
   <valuelist type="QVariantList" key="ProjectExplorer.GccToolChain.PlatformCodeGenFlags"/>
   <valuelist type="QVariantList" key="ProjectExplorer.GccToolChain.PlatformLinkerFlags"/>
   <valuelist type="QVariantList" key="ProjectExplorer.GccToolChain.SupportedAbis">
    <value type="QString">arm-linux-generic-elf-32bit</value>
   </valuelist>
   <value type="QString" key="ProjectExplorer.GccToolChain.TargetAbi">arm-linux-generic-elf-32bit</value>
   <value type="bool" key="ProjectExplorer.ToolChain.Autodetect">false</value>
   <value type="QString" key="ProjectExplorer.ToolChain.DisplayName">GCC-Cross-ARM-cpp</value>
   <value type="QString" key="ProjectExplorer.ToolChain.Id">ProjectExplorer.ToolChain.Gcc:{cf195c2e-48d0-418d-9aad-21b302719ba0}</value>
   <value type="int" key="ProjectExplorer.ToolChain.Language">2</value>
   <value type="QString" key="ProjectExplorer.ToolChain.LanguageV2">Cxx</value>
  </valuemap>
 </data>
 <data>
  <variable>ToolChain.37</variable>
  <valuemap type="QVariantMap">
   <value type="QString" key="ProjectExplorer.GccToolChain.OriginalTargetTriple">arm-linux-gnueabihf</value>
   <value type="QString" key="ProjectExplorer.GccToolChain.Path">/usr/bin/arm-linux-gnueabihf-g++</value>
   <valuelist type="QVariantList" key="ProjectExplorer.GccToolChain.PlatformCodeGenFlags"/>
   <valuelist type="QVariantList" key="ProjectExplorer.GccToolChain.PlatformLinkerFlags"/>
   <valuelist type="QVariantList" key="ProjectExplorer.GccToolChain.SupportedAbis">
    <value type="QString">arm-linux-generic-elf-32bit</value>
   </valuelist>
   <value type="QString" key="ProjectExplorer.GccToolChain.TargetAbi">arm-linux-generic-elf-32bit</value>
   <value type="bool" key="ProjectExplorer.ToolChain.Autodetect">true</value>
   <value type="QString" key="ProjectExplorer.ToolChain.DisplayName">GCC (C++, arm 32bit in /usr/bin)</value>
   <value type="QString" key="ProjectExplorer.ToolChain.Id">ProjectExplorer.ToolChain.Gcc:{19082733-5599-40e5-8278-108b525a64d1}</value>
   <value type="int" key="ProjectExplorer.ToolChain.Language">2</value>
   <value type="QString" key="ProjectExplorer.ToolChain.LanguageV2">Cxx</value>
  </valuemap>
 </data>
 <data>
  <variable>ToolChain.38</variable>
  <valuemap type="QVariantMap">
   <value type="QString" key="ProjectExplorer.GccToolChain.OriginalTargetTriple">arm-linux-gnueabihf</value>
   <value type="QString" key="ProjectExplorer.GccToolChain.Path">/usr/bin/arm-linux-gnueabihf-gcc</value>
   <valuelist type="QVariantList" key="ProjectExplorer.GccToolChain.PlatformCodeGenFlags"/>
   <valuelist type="QVariantList" key="ProjectExplorer.GccToolChain.PlatformLinkerFlags"/>
   <valuelist type="QVariantList" key="ProjectExplorer.GccToolChain.SupportedAbis">
    <value type="QString">arm-linux-generic-elf-32bit</value>
   </valuelist>
   <value type="QString" key="ProjectExplorer.GccToolChain.TargetAbi">arm-linux-generic-elf-32bit</value>
   <value type="bool" key="ProjectExplorer.ToolChain.Autodetect">true</value>
   <value type="QString" key="ProjectExplorer.ToolChain.DisplayName">GCC (C, arm 32bit in /usr/bin)</value>
   <value type="QString" key="ProjectExplorer.ToolChain.Id">ProjectExplorer.ToolChain.Gcc:{1e399008-0bab-489e-98d9-8a62b2560144}</value>
   <value type="int" key="ProjectExplorer.ToolChain.Language">1</value>
   <value type="QString" key="ProjectExplorer.ToolChain.LanguageV2">C</value>
  </valuemap>
 </data>
 <data>
  <variable>ToolChain.39</variable>
  <valuemap type="QVariantMap">
   <value type="QString" key="ProjectExplorer.GccToolChain.OriginalTargetTriple">arm-linux-gnueabihf</value>
   <value type="QString" key="ProjectExplorer.GccToolChain.Path">/home/laci/Programs/gcc/gcc-arm-8.3-2019.03-x86_64-arm-linux-gnueabihf/bin/arm-linux-gnueabihf-gcc</value>
   <valuelist type="QVariantList" key="ProjectExplorer.GccToolChain.PlatformCodeGenFlags"/>
   <valuelist type="QVariantList" key="ProjectExplorer.GccToolChain.PlatformLinkerFlags"/>
   <valuelist type="QVariantList" key="ProjectExplorer.GccToolChain.SupportedAbis">
    <value type="QString">arm-linux-generic-elf-32bit</value>
   </valuelist>
   <value type="QString" key="ProjectExplorer.GccToolChain.TargetAbi">arm-linux-generic-elf-32bit</value>
   <value type="bool" key="ProjectExplorer.ToolChain.Autodetect">false</value>
   <value type="QString" key="ProjectExplorer.ToolChain.DisplayName">GCC-cross-ARM-own</value>
   <value type="QString" key="ProjectExplorer.ToolChain.Id">ProjectExplorer.ToolChain.Gcc:{27c5e59e-06db-434e-985c-bb4dd0964249}</value>
   <value type="int" key="ProjectExplorer.ToolChain.Language">1</value>
   <value type="QString" key="ProjectExplorer.ToolChain.LanguageV2">C</value>
  </valuemap>
 </data>
 <data>
  <variable>ToolChain.4</variable>
  <valuemap type="QVariantMap">
   <value type="QString" key="ProjectExplorer.GccToolChain.OriginalTargetTriple">x86_64-linux-gnu</value>
   <value type="QString" key="ProjectExplorer.GccToolChain.Path">/usr/bin/g++-4.8</value>
   <valuelist type="QVariantList" key="ProjectExplorer.GccToolChain.PlatformCodeGenFlags"/>
   <valuelist type="QVariantList" key="ProjectExplorer.GccToolChain.PlatformLinkerFlags"/>
   <valuelist type="QVariantList" key="ProjectExplorer.GccToolChain.SupportedAbis">
    <value type="QString">x86-linux-generic-elf-64bit</value>
    <value type="QString">x86-linux-generic-elf-32bit</value>
   </valuelist>
   <value type="QString" key="ProjectExplorer.GccToolChain.TargetAbi">x86-linux-generic-elf-64bit</value>
   <value type="bool" key="ProjectExplorer.ToolChain.Autodetect">true</value>
   <value type="QString" key="ProjectExplorer.ToolChain.DisplayName">GCC 4.8 (C++, x86 64bit in /usr/bin)</value>
   <value type="QString" key="ProjectExplorer.ToolChain.Id">ProjectExplorer.ToolChain.Gcc:{eb631d68-530b-4504-9f72-65e3d4d03f2f}</value>
   <value type="int" key="ProjectExplorer.ToolChain.Language">2</value>
   <value type="QString" key="ProjectExplorer.ToolChain.LanguageV2">Cxx</value>
  </valuemap>
 </data>
 <data>
  <variable>ToolChain.40</variable>
  <valuemap type="QVariantMap">
   <value type="QString" key="ProjectExplorer.GccToolChain.OriginalTargetTriple">arm-linux-gnueabihf</value>
   <value type="QString" key="ProjectExplorer.GccToolChain.Path">/home/laci/Programs/gcc/gcc-arm-8.3-2019.03-x86_64-arm-linux-gnueabihf/bin/arm-linux-gnueabihf-g++</value>
   <valuelist type="QVariantList" key="ProjectExplorer.GccToolChain.PlatformCodeGenFlags"/>
   <valuelist type="QVariantList" key="ProjectExplorer.GccToolChain.PlatformLinkerFlags"/>
   <valuelist type="QVariantList" key="ProjectExplorer.GccToolChain.SupportedAbis">
    <value type="QString">arm-linux-generic-elf-32bit</value>
   </valuelist>
   <value type="QString" key="ProjectExplorer.GccToolChain.TargetAbi">arm-linux-generic-elf-32bit</value>
   <value type="bool" key="ProjectExplorer.ToolChain.Autodetect">false</value>
   <value type="QString" key="ProjectExplorer.ToolChain.DisplayName">GCC-cross-ARM-own</value>
   <value type="QString" key="ProjectExplorer.ToolChain.Id">ProjectExplorer.ToolChain.Gcc:{222499ea-8c6e-41cb-ba92-99d4b8e9579f}</value>
   <value type="int" key="ProjectExplorer.ToolChain.Language">2</value>
   <value type="QString" key="ProjectExplorer.ToolChain.LanguageV2">Cxx</value>
  </valuemap>
 </data>
 <data>
  <variable>ToolChain.41</variable>
  <valuemap type="QVariantMap">
   <value type="QString" key="ProjectExplorer.GccToolChain.OriginalTargetTriple">xtensa-esp32-elf</value>
   <value type="QString" key="ProjectExplorer.GccToolChain.Path">/home/laci/Programs/gcc/esp/xtensa-esp32-elf-gcc5.2/bin/xtensa-esp32-elf-g++</value>
   <valuelist type="QVariantList" key="ProjectExplorer.GccToolChain.PlatformCodeGenFlags"/>
   <valuelist type="QVariantList" key="ProjectExplorer.GccToolChain.PlatformLinkerFlags"/>
   <valuelist type="QVariantList" key="ProjectExplorer.GccToolChain.SupportedAbis">
    <value type="QString">xtensa-baremetal-generic-elf-32bit</value>
   </valuelist>
   <value type="QString" key="ProjectExplorer.GccToolChain.TargetAbi">xtensa-baremetal-generic-elf-32bit</value>
   <value type="bool" key="ProjectExplorer.ToolChain.Autodetect">true</value>
   <value type="QString" key="ProjectExplorer.ToolChain.DisplayName">GCC (C++, xtensa 32bit in /home/laci/Programs/gcc/esp/xtensa-esp32-elf-gcc5.2/bin)</value>
   <value type="QString" key="ProjectExplorer.ToolChain.Id">ProjectExplorer.ToolChain.Gcc:{16a08474-bdf1-4b06-b0c2-606a6f0d0eda}</value>
   <value type="int" key="ProjectExplorer.ToolChain.Language">2</value>
   <value type="QString" key="ProjectExplorer.ToolChain.LanguageV2">Cxx</value>
  </valuemap>
 </data>
 <data>
  <variable>ToolChain.42</variable>
  <valuemap type="QVariantMap">
   <value type="QString" key="ProjectExplorer.GccToolChain.OriginalTargetTriple">xtensa-esp32-elf</value>
   <value type="QString" key="ProjectExplorer.GccToolChain.Path">/home/laci/Programs/gcc/esp/xtensa-esp32-elf-gcc5.2/bin/xtensa-esp32-elf-gcc</value>
   <valuelist type="QVariantList" key="ProjectExplorer.GccToolChain.PlatformCodeGenFlags"/>
   <valuelist type="QVariantList" key="ProjectExplorer.GccToolChain.PlatformLinkerFlags"/>
   <valuelist type="QVariantList" key="ProjectExplorer.GccToolChain.SupportedAbis">
    <value type="QString">xtensa-baremetal-generic-elf-32bit</value>
   </valuelist>
   <value type="QString" key="ProjectExplorer.GccToolChain.TargetAbi">xtensa-baremetal-generic-elf-32bit</value>
   <value type="bool" key="ProjectExplorer.ToolChain.Autodetect">true</value>
   <value type="QString" key="ProjectExplorer.ToolChain.DisplayName">GCC (C, xtensa 32bit in /home/laci/Programs/gcc/esp/xtensa-esp32-elf-gcc5.2/bin)</value>
   <value type="QString" key="ProjectExplorer.ToolChain.Id">ProjectExplorer.ToolChain.Gcc:{4471d319-11e0-4f3d-be01-549186976f6d}</value>
   <value type="int" key="ProjectExplorer.ToolChain.Language">1</value>
   <value type="QString" key="ProjectExplorer.ToolChain.LanguageV2">C</value>
  </valuemap>
 </data>
 <data>
  <variable>ToolChain.5</variable>
  <valuemap type="QVariantMap">
   <value type="QString" key="ProjectExplorer.GccToolChain.OriginalTargetTriple">x86_64-linux-gnu</value>
   <value type="QString" key="ProjectExplorer.GccToolChain.Path">/usr/bin/g++-4.8</value>
   <valuelist type="QVariantList" key="ProjectExplorer.GccToolChain.PlatformCodeGenFlags"/>
   <valuelist type="QVariantList" key="ProjectExplorer.GccToolChain.PlatformLinkerFlags"/>
   <valuelist type="QVariantList" key="ProjectExplorer.GccToolChain.SupportedAbis">
    <value type="QString">x86-linux-generic-elf-64bit</value>
    <value type="QString">x86-linux-generic-elf-32bit</value>
   </valuelist>
   <value type="QString" key="ProjectExplorer.GccToolChain.TargetAbi">x86-linux-generic-elf-32bit</value>
   <value type="bool" key="ProjectExplorer.ToolChain.Autodetect">true</value>
   <value type="QString" key="ProjectExplorer.ToolChain.DisplayName">GCC 4.8 (C++, x86 32bit in /usr/bin)</value>
   <value type="QString" key="ProjectExplorer.ToolChain.Id">ProjectExplorer.ToolChain.Gcc:{91e1a597-7232-40ab-828a-0bae32613320}</value>
   <value type="int" key="ProjectExplorer.ToolChain.Language">2</value>
   <value type="QString" key="ProjectExplorer.ToolChain.LanguageV2">Cxx</value>
  </valuemap>
 </data>
 <data>
  <variable>ToolChain.6</variable>
  <valuemap type="QVariantMap">
   <value type="QString" key="ProjectExplorer.GccToolChain.OriginalTargetTriple">x86_64-linux-gnu</value>
   <value type="QString" key="ProjectExplorer.GccToolChain.Path">/usr/bin/g++-5</value>
   <valuelist type="QVariantList" key="ProjectExplorer.GccToolChain.PlatformCodeGenFlags"/>
   <valuelist type="QVariantList" key="ProjectExplorer.GccToolChain.PlatformLinkerFlags"/>
   <valuelist type="QVariantList" key="ProjectExplorer.GccToolChain.SupportedAbis">
    <value type="QString">x86-linux-generic-elf-64bit</value>
    <value type="QString">x86-linux-generic-elf-32bit</value>
   </valuelist>
   <value type="QString" key="ProjectExplorer.GccToolChain.TargetAbi">x86-linux-generic-elf-64bit</value>
   <value type="bool" key="ProjectExplorer.ToolChain.Autodetect">true</value>
   <value type="QString" key="ProjectExplorer.ToolChain.DisplayName">GCC 5 (C++, x86 64bit in /usr/bin)</value>
   <value type="QString" key="ProjectExplorer.ToolChain.Id">ProjectExplorer.ToolChain.Gcc:{8e43f287-bdf0-4ad0-8ef8-f28d7f5ab79f}</value>
   <value type="int" key="ProjectExplorer.ToolChain.Language">2</value>
   <value type="QString" key="ProjectExplorer.ToolChain.LanguageV2">Cxx</value>
  </valuemap>
 </data>
 <data>
  <variable>ToolChain.7</variable>
  <valuemap type="QVariantMap">
   <value type="QString" key="ProjectExplorer.GccToolChain.OriginalTargetTriple">x86_64-linux-gnu</value>
   <value type="QString" key="ProjectExplorer.GccToolChain.Path">/usr/bin/g++-5</value>
   <valuelist type="QVariantList" key="ProjectExplorer.GccToolChain.PlatformCodeGenFlags"/>
   <valuelist type="QVariantList" key="ProjectExplorer.GccToolChain.PlatformLinkerFlags"/>
   <valuelist type="QVariantList" key="ProjectExplorer.GccToolChain.SupportedAbis">
    <value type="QString">x86-linux-generic-elf-64bit</value>
    <value type="QString">x86-linux-generic-elf-32bit</value>
   </valuelist>
   <value type="QString" key="ProjectExplorer.GccToolChain.TargetAbi">x86-linux-generic-elf-32bit</value>
   <value type="bool" key="ProjectExplorer.ToolChain.Autodetect">true</value>
   <value type="QString" key="ProjectExplorer.ToolChain.DisplayName">GCC 5 (C++, x86 32bit in /usr/bin)</value>
   <value type="QString" key="ProjectExplorer.ToolChain.Id">ProjectExplorer.ToolChain.Gcc:{e02264eb-0e51-489e-995d-b29bdb765d82}</value>
   <value type="int" key="ProjectExplorer.ToolChain.Language">2</value>
   <value type="QString" key="ProjectExplorer.ToolChain.LanguageV2">Cxx</value>
  </valuemap>
 </data>
 <data>
  <variable>ToolChain.8</variable>
  <valuemap type="QVariantMap">
   <value type="QString" key="ProjectExplorer.GccToolChain.OriginalTargetTriple">x86_64-linux-gnu</value>
   <value type="QString" key="ProjectExplorer.GccToolChain.Path">/usr/bin/x86_64-linux-gnu-g++</value>
   <valuelist type="QVariantList" key="ProjectExplorer.GccToolChain.PlatformCodeGenFlags"/>
   <valuelist type="QVariantList" key="ProjectExplorer.GccToolChain.PlatformLinkerFlags"/>
   <valuelist type="QVariantList" key="ProjectExplorer.GccToolChain.SupportedAbis">
    <value type="QString">x86-linux-generic-elf-64bit</value>
    <value type="QString">x86-linux-generic-elf-32bit</value>
   </valuelist>
   <value type="QString" key="ProjectExplorer.GccToolChain.TargetAbi">x86-linux-generic-elf-64bit</value>
   <value type="bool" key="ProjectExplorer.ToolChain.Autodetect">true</value>
   <value type="QString" key="ProjectExplorer.ToolChain.DisplayName">GCC (C++, x86 64bit in /usr/bin)</value>
   <value type="QString" key="ProjectExplorer.ToolChain.Id">ProjectExplorer.ToolChain.Gcc:{e8fa2c10-e197-4811-9d7b-f86371407d3b}</value>
   <value type="int" key="ProjectExplorer.ToolChain.Language">2</value>
   <value type="QString" key="ProjectExplorer.ToolChain.LanguageV2">Cxx</value>
  </valuemap>
 </data>
 <data>
  <variable>ToolChain.9</variable>
  <valuemap type="QVariantMap">
   <value type="QString" key="ProjectExplorer.GccToolChain.OriginalTargetTriple">x86_64-linux-gnu</value>
   <value type="QString" key="ProjectExplorer.GccToolChain.Path">/usr/bin/x86_64-linux-gnu-g++</value>
   <valuelist type="QVariantList" key="ProjectExplorer.GccToolChain.PlatformCodeGenFlags"/>
   <valuelist type="QVariantList" key="ProjectExplorer.GccToolChain.PlatformLinkerFlags"/>
   <valuelist type="QVariantList" key="ProjectExplorer.GccToolChain.SupportedAbis">
    <value type="QString">x86-linux-generic-elf-64bit</value>
    <value type="QString">x86-linux-generic-elf-32bit</value>
   </valuelist>
   <value type="QString" key="ProjectExplorer.GccToolChain.TargetAbi">x86-linux-generic-elf-32bit</value>
   <value type="bool" key="ProjectExplorer.ToolChain.Autodetect">true</value>
   <value type="QString" key="ProjectExplorer.ToolChain.DisplayName">GCC (C++, x86 32bit in /usr/bin)</value>
   <value type="QString" key="ProjectExplorer.ToolChain.Id">ProjectExplorer.ToolChain.Gcc:{4769feee-6653-473b-8235-e46df7bcc81e}</value>
   <value type="int" key="ProjectExplorer.ToolChain.Language">2</value>
   <value type="QString" key="ProjectExplorer.ToolChain.LanguageV2">Cxx</value>
  </valuemap>
 </data>
 <data>
  <variable>ToolChain.Count</variable>
  <value type="int">43</value>
 </data>
 <data>
  <variable>Version</variable>
  <value type="int">1</value>
 </data>
</qtcreator>
